name,vcpus,memory
n1-standard-1,1,3.75
n1-standard-2,2,7.5
n1-standard-4,4,15
n1-standard-8,8,30
n1-standard-16,16,60
n1-standard-32,32,120
n1-standard-64,64,240
n1-standard-96,96,360
n1-highmem-2,2,13
n1-highmem-4,4,26
n1-highmem-8,8,52
n1-highmem-16,16,104
n1-highmem-32,32,208
n1-highmem-64,64,416
n1-highmem-96,96,624
n1-highcpu-2,2,1.8
n1-highcpu-4,4,3.6
n1-highcpu-8,8,7.2
n1-highcpu-16,16,14.4
n1-highcpu-32,32,28.8
n1-highcpu-64,64,57.6
n1-highcpu-96,96,86.4
n2-standard-2,2,8
n2-standard-4,4,16
n2-standard-8,8,32
n2-standard-16,16,64
n2-standard-32,32,128
n2-standard-48,48,192
n2-standard-64,64,256
n2-standard-80,80,320
n2-standard-96,96,384
n2-standard-128,128,512
n2-highmem-2,2,16
n2-highmem-4,4,32
n2-highmem-8,8,64
n2-highmem-16,16,128
n2-highmem-32,32,256
n2-highmem-48,48,384
n2-highmem-64,64,512
n2-highmem-80,80,640
n2-highmem-96,96,768
n2-highmem-128,128,864
n2-highcpu-2,2,2
n2-highcpu-4,4,4
n2-highcpu-8,8,8
n2-highcpu-16,16,16
n2-highcpu-32,32,32
n2-highcpu-48,48,48
n2-highcpu-64,64,64
n2-highcpu-80,80,80
n2-highcpu-96,96,96
e2-standard-2,2,8
e2-standard-4,4,16
e2-standard-8,8,32
e2-standard-16,16,64
e2-standard-32,32,128
e2-highmem-2,2,16
e2-highmem-4,4,32
e2-highmem-8,8,64
e2-highmem-16,16,128
e2-highcpu-2,2,2
e2-highcpu-4,4,4
e2-highcpu-8,8,8
e2-highcpu-16,16,16
e2-highcpu-32,32,32
c2-standard-4,4,16
c2-standard-8,8,32
c2-standard-16,16,64
c2-standard-30,30,120
c2-standard-60,60,240
c2d-standard-2,2,8
c2d-standard-4,4,16
c2d-standard-8,8,32
c2d-standard-16,16,64
c2d-standard-32,32,128
c2d-standard-56,56,224
c2d-standard-112,112,448
c5.large,2,4
c5.xlarge,4,8
c5.2xlarge,8,16
c5.4xlarge,16,32
c5.9xlarge,36,72
c5.12xlarge,48,96
c5.18xlarge,72,144
c5.24xlarge,96,192
c6i.large,2,4
c6i.xlarge,4,8
c6i.2xlarge,8,16
c6i.4xlarge,16,32
c6i.8xlarge,32,64
c6i.12xlarge,48,96
c6i.16xlarge,64,128
c6i.24xlarge,96,192
c6i.32xlarge,128,256
c7i.metal-24xl,96,192
c7i.metal-48xl,192,384
c7i.large,2,4
c7i.xlarge,4,8
c7i.2xlarge,8,16
c7i.4xlarge,16,32
c7i.8xlarge,32,64
c7i.12xlarge,48,96
c7i.16xlarge,64,128
c7i.24xlarge,96,192
c7i.48xlarge,192,384
i3.large,2,15.25
i3.xlarge,4,30.5
i3.2xlarge,8,61
i3.4xlarge,16,122
i3.8xlarge,32,244
i3.16xlarge,64,488
i4i.large,2,16
i4i.xlarge,4,32
i4i.2xlarge,8,64
i4i.4xlarge,16,128
i4i.8xlarge,32,256
i4i.12xlarge,48,384
i4i.16xlarge,64,512
i4i.24xlarge,96,768
i4i.32xlarge,128,1024
m5.large,2,8
m5.xlarge,4,16
m5.2xlarge,8,32
m5.4xlarge,16,64
m5.8xlarge,32,128
m5.12xlarge,48,192
m5.16xlarge,64,256
m5.24xlarge,96,384
m6i.large,2,8
m6i.xlarge,4,16
m6i.2xlarge,8,32
m6i.4xlarge,16,64
m6i.8xlarge,32,128
m6i.12xlarge,48,192
m6i.16xlarge,64,256
m6i.24xlarge,96,384
m6i.32xlarge,128,512
m7i.metal-24xl,96,384
m7i.metal-48xl,192,768
m7i.large,2,8
m7i.xlarge,4,16
m7i.2xlarge,8,32
m7i.4xlarge,16,64
m7i.8xlarge,32,128
m7i.12xlarge,48,192
m7i.16xlarge,64,256
m7i.24xlarge,96,384
m7i.48xlarge,192,768
r5.large,2,16
r5.xlarge,4,32
r5.2xlarge,8,64
r5.4xlarge,16,128
r5.8xlarge,32,256
r5.12xlarge,48,384
r5.16xlarge,64,512
r5.24xlarge,96,768
r6i.large,2,16
r6i.xlarge,4,32
r6i.2xlarge,8,64
r6i.4xlarge,16,128
r6i.8xlarge,32,256
r6i.12xlarge,48,384
r6i.16xlarge,64,512
r6i.24xlarge,96,768
r6i.32xlarge,128,1024
